"CONCERT","nammeeeconcert","2013-02-08T09:30:26","ROCK"
"TICKET","234","34","1"
"PERSON","nammeeeperson","nammelastperson","emaaail","1"
"CONCERT","nammeeeconcert","2013-02-08T09:30:26","ROCK"
"TICKET","234","34","1"
"PERSON","nammeeeperson","nammelastperson","emaaail","1"
"CONCERT","nammeeeconcert","2013-02-08T09:30:26","ROCK"
"TICKET","234","34","1"
"PERSON","nammeeeperson","nammelastperson","emaaail","1"
"CONCERT","nammeeeconcert","2013-02-08T09:30:26","ROCK"
"TICKET","234","34","1"
"PERSON","nammeeeperson","nammelastperson","emaaail","1"
"CONCERT","nammeeeconcert","2013-02-08T09:30:26","ROCK"
"TICKET","234","34","1"
"PERSON","nammeeeperson","nammelastperson","emaaail","1"
"CONCERT","nammeeeconcert","2013-02-08T09:30:26","ROCK"
"TICKET","234","34","1"
"PERSON","nammeeeperson","nammelastperson","emaaail","1"
"CONCERT","nammeeeconcert","2013-02-08T09:30:26","ROCK"
"TICKET","234","34","1"
"PERSON","nammeeeperson","nammelastperson","emaaail","1"
"CONCERT","nammeeeconcert","2013-02-08T09:30:26","ROCK"
"TICKET","234","34","1"
"PERSON","nammeeeperson","nammelastperson","emaaail","1"
"CONCERT","nammeeeconcert","2013-02-08T09:30:26","ROCK"
"TICKET","234","34","1"
"PERSON","nammeeeperson","nammelastperson","emaaail","1"
"CONCERT","nammeeeconcert","2013-02-08T09:30:26","ROCK"
"TICKET","234","34","1"
"PERSON","nammeeeperson","nammelastperson","emaaail","1"
"CONCERT","nammeeeconcert","2013-02-08T09:30:26","ROCK"
"TICKET","234","34","1"
"PERSON","nammeeeperson","nammelastperson","emaaail","1"

